search_string,unique_name,approximate_match,score,ott_id,is_synonym,flags,number_matches
coelosphaerium kutzingii,NA,NA,NA,NA,NA,NA,NA
gloeotila spiralis,NA,NA,NA,NA,NA,NA,NA
anabaena flos-aquae treleasii,NA,NA,NA,NA,NA,NA,NA
aphanizomenon flos-aquae gracile,NA,NA,NA,NA,NA,NA,NA
scenedesmus pulloideus,NA,NA,NA,NA,NA,NA,NA
scenedesmus intermedius acaudatus,NA,NA,NA,NA,NA,NA,NA
gomphonema intricatum pumila,NA,NA,NA,NA,NA,NA,NA
anabaena oscillarioides elliptica,NA,NA,NA,NA,NA,NA,NA
salpingoeca globulosa,NA,NA,NA,NA,NA,NA,NA
scenedesmus intermedius bicaudatus,NA,NA,NA,NA,NA,NA,NA
anabaena bergii limnetica,NA,NA,NA,NA,NA,NA,NA
ochromonas nannos,NA,NA,NA,NA,NA,NA,NA
scenedesmus ecornis polymorphus,NA,NA,NA,NA,NA,NA,NA
cyclotella atomus gracilis,NA,NA,NA,NA,NA,NA,NA
tetraedron minimum tetralobulatum,NA,NA,NA,NA,NA,NA,NA
scenedesmus acutus acutus,NA,NA,NA,NA,NA,NA,NA
stichogloea olivacea sphaerica,NA,NA,NA,NA,NA,NA,NA
scenedesmus denticulatus fenestratus,NA,NA,NA,NA,NA,NA,NA
cosmarium pygmaeum heimerlii,NA,NA,NA,NA,NA,NA,NA
scenedesmus lefevrei manguinii,NA,NA,NA,NA,NA,NA,NA
kirchneriella dichotomococcoides,NA,NA,NA,NA,NA,NA,NA
scenedesmus intermedius intermedius,NA,NA,NA,NA,NA,NA,NA
scenedesmus opoliensis carinatus,NA,NA,NA,NA,NA,NA,NA
staurodesmus incus minor,NA,NA,NA,NA,NA,NA,NA
chlamydomonas gloeophila irregularis,NA,NA,NA,NA,NA,NA,NA
cosmarium polygonum hexagonum,NA,NA,NA,NA,NA,NA,NA
fragilaria construens venter,NA,NA,NA,NA,NA,NA,NA
cosmarium abbreviatum minor,NA,NA,NA,NA,NA,NA,NA
pseudosphaerocystis lundii,NA,NA,NA,NA,NA,NA,NA
fragilaria tenera lemanensis,NA,NA,NA,NA,NA,NA,NA
pseudokephyrion blatnense,NA,NA,NA,NA,NA,NA,NA
fotterella tetrachlorella,NA,NA,NA,NA,NA,NA,NA
dinobryon anneciense,NA,NA,NA,NA,NA,NA,NA
dinobryon sertularia protuberans,NA,NA,NA,NA,NA,NA,NA
closterium acutum linea,NA,NA,NA,NA,NA,NA,NA
dinobryon sociale americanum,NA,NA,NA,NA,NA,NA,NA
dinobryon sociale stipitatum,NA,NA,NA,NA,NA,NA,NA
pandorina morum major,NA,NA,NA,NA,NA,NA,NA
cosmarium novae-semliae sibiricum,NA,NA,NA,NA,NA,NA,NA
closterium acutum variabile,NA,NA,NA,NA,NA,NA,NA
cosmarium sexangulare minus,NA,NA,NA,NA,NA,NA,NA
tetraedron minimum scrobiculatum,NA,NA,NA,NA,NA,NA,NA
cosmarium phaseolus minus,NA,NA,NA,NA,NA,NA,NA
dinobryon cylindricum alpinum,NA,NA,NA,NA,NA,NA,NA
ulothricophyceae,NA,NA,NA,NA,NA,NA,NA
pseudostaurastrum alternans,NA,NA,NA,NA,NA,NA,NA
closterium venus westii,NA,NA,NA,NA,NA,NA,NA
trachelomonas volvocina subglobosa,NA,NA,NA,NA,NA,NA,NA
pseudostaurastrum hastatum palatinum,NA,NA,NA,NA,NA,NA,NA
cosmarium venustum minus,NA,NA,NA,NA,NA,NA,NA
cosmarium subcostatum minus,NA,NA,NA,NA,NA,NA,NA
ulnaria delicatissima angustissima,NA,NA,NA,NA,NA,NA,NA
coenocystis planctonica hercynica,NA,NA,NA,NA,NA,NA,NA
peridiniopsis umbonatum,NA,NA,NA,NA,NA,NA,NA
cymbella helvetica curta,NA,NA,NA,NA,NA,NA,NA
cosmarium subprotumidum gregorii,NA,NA,NA,NA,NA,NA,NA
aulacoseira islandica helvetica,NA,NA,NA,NA,NA,NA,NA
cosmarium undulatum minutum,NA,NA,NA,NA,NA,NA,NA
peridinium inconspicuum var. contactum,NA,NA,NA,NA,NA,NA,NA
stephanodiscus hantzschii tenuis,NA,NA,NA,NA,NA,NA,NA
cosmarium subcostatum subcostatum,NA,NA,NA,NA,NA,NA,NA
phacus pleuronectes pleuronectes,NA,NA,NA,NA,NA,NA,NA
staurastrum johnsonii triradiatum,NA,NA,NA,NA,NA,NA,NA
staurastrum sebaldii ornatum,NA,NA,NA,NA,NA,NA,NA
cosmarium margaritiferum regularius,NA,NA,NA,NA,NA,NA,NA
staurastrum planctonicum bullosum,NA,NA,NA,NA,NA,NA,NA
cymatopleura solea regula,NA,NA,NA,NA,NA,NA,NA
cyclotella bodanica lemanensis,NA,NA,NA,NA,NA,NA,NA
kephyrion gracilis,NA,NA,NA,NA,NA,NA,NA
kephyrion gracile,NA,NA,NA,NA,NA,NA,NA
gomphosphaeria pallidum,NA,NA,NA,NA,NA,NA,NA
stephanocodon socialis,NA,NA,NA,NA,NA,NA,NA
afroneurus ethiopicus,NA,NA,NA,NA,NA,NA,NA
anax congoliath lisomboae,NA,NA,NA,NA,NA,NA,NA
gomphidia quarrei quarrei,NA,NA,NA,NA,NA,NA,NA
gomphidia quarrei confinii,NA,NA,NA,NA,NA,NA,NA
ictinogomphus ruwenzorica,NA,NA,NA,NA,NA,NA,NA
clogmia albopuncta,NA,NA,NA,NA,NA,NA,NA
bosmina longispina-maritima,NA,NA,NA,NA,NA,NA,NA
chydorus bicuspidatus,NA,NA,NA,NA,NA,NA,NA
daphnia cucullataxgaleata,NA,NA,NA,NA,NA,NA,NA
daphnia hyalinaxgaleata,NA,NA,NA,NA,NA,NA,NA
copepodit calanoida,NA,NA,NA,NA,NA,NA,NA
copepodit cyclopoida,NA,NA,NA,NA,NA,NA,NA
asplanchna henrietta,NA,NA,NA,NA,NA,NA,NA
nauplii copepoda,NA,NA,NA,NA,NA,NA,NA
chlorolobion glareosum,NA,NA,NA,NA,NA,NA,NA
desmodesmus armatus longispina,NA,NA,NA,NA,NA,NA,NA
dictyosphaerium pulchellum minutum,NA,NA,NA,NA,NA,NA,NA
pseudopediastrum boryanum longicorne,NA,NA,NA,NA,NA,NA,NA
scenedesmus armatus boglariensis,NA,NA,NA,NA,NA,NA,NA
scenedesmus denticulatus brevispinus,NA,NA,NA,NA,NA,NA,NA
scenedesmus granulatus f. spinosus,NA,NA,NA,NA,NA,NA,NA
scenedesmus quadricauda longispina,NA,NA,NA,NA,NA,NA,NA
dinobryon divergens var. schauinslandii,NA,NA,NA,NA,NA,NA,NA
dinobryon suecicum longispinum,NA,NA,NA,NA,NA,NA,NA
kephyrion welshii,NA,NA,NA,NA,NA,NA,NA
aulacoseira ambigua japonica,NA,NA,NA,NA,NA,NA,NA
fragilaria crotonensis lacus-vulcani,NA,NA,NA,NA,NA,NA,NA
trachelomonas volvocina punctata,NA,NA,NA,NA,NA,NA,NA
notommata oculifera,NA,NA,NA,NA,NA,NA,NA
aulacoseira ambigua curvata,NA,NA,NA,NA,NA,NA,NA
achnanthes brevipes brevipes,NA,NA,NA,NA,NA,NA,NA
adlafia minuscula muralis,NA,NA,NA,NA,NA,NA,NA
achnanthes exigua elliptica,NA,NA,NA,NA,NA,NA,NA
achnanthes minutissima inconspicua,NA,NA,NA,NA,NA,NA,NA
brachysira brebissonii brebissonii,NA,NA,NA,NA,NA,NA,NA
bacillaria paxillifera paxillifera,NA,NA,NA,NA,NA,NA,NA
cymbella excisa excisa,NA,NA,NA,NA,NA,NA,NA
caloneis amphisbaena amphisbaena,NA,NA,NA,NA,NA,NA,NA
cymbopleura frequens frequens,NA,NA,NA,NA,NA,NA,NA
cymbopleura kuelbsii kuelbsii,NA,NA,NA,NA,NA,NA,NA
cymbopleura naviculiformis naviculiformis,NA,NA,NA,NA,NA,NA,NA
cavinula cocconeiformis elliptica,NA,NA,NA,NA,NA,NA,NA
cyclotella distinguenda distinguenda,NA,NA,NA,NA,NA,NA,NA
cyclotella distinguenda var. unipunctata,NA,NA,NA,NA,NA,NA,NA
cymbella excisa angusta,NA,NA,NA,NA,NA,NA,NA
cymatopleura elliptica elliptica,NA,NA,NA,NA,NA,NA,NA
cymbella excisiformis nonprotracta,NA,NA,NA,NA,NA,NA,NA
cymbella excisa procera,NA,NA,NA,NA,NA,NA,NA
cymbella excisiformis excisiformis,NA,NA,NA,NA,NA,NA,NA
cymbella hustedtii hustedtii,NA,NA,NA,NA,NA,NA,NA
cymbella kolbei kolbei,NA,NA,NA,NA,NA,NA,NA
cymbella laevis laevis,NA,NA,NA,NA,NA,NA,NA
cymbella lanceolata lanceolata,NA,NA,NA,NA,NA,NA,NA
cymbella neocistula neocistula,NA,NA,NA,NA,NA,NA,NA
cymbella neoleptoceros neoleptoceros,NA,NA,NA,NA,NA,NA,NA
cocconeis placentula placentula,NA,NA,NA,NA,NA,NA,NA
cocconeis placentula klinoraphis,NA,NA,NA,NA,NA,NA,NA
cocconeis placentula pseudolineata,NA,NA,NA,NA,NA,NA,NA
cymbella proxima proxima,NA,NA,NA,NA,NA,NA,NA
cymbopleura rhomboidea rhomboidea,NA,NA,NA,NA,NA,NA,NA
cymatopleura solea apiculata,NA,NA,NA,NA,NA,NA,NA
cymbopleura subaequalis subaequalis,NA,NA,NA,NA,NA,NA,NA
cymatopleura solea solea,NA,NA,NA,NA,NA,NA,NA
cymbella subtruncata subtruncata,NA,NA,NA,NA,NA,NA,NA
cymbella tropica tropica,NA,NA,NA,NA,NA,NA,NA
cymbella vulgata vulgata,NA,NA,NA,NA,NA,NA,NA
diadesmis contenta biceps,NA,NA,NA,NA,NA,NA,NA
diadesmis confervacea confervacea,NA,NA,NA,NA,NA,NA,NA
denticula kuetzingii kuetzingii,NA,NA,NA,NA,NA,NA,NA
denticula tenuis crassula,NA,NA,NA,NA,NA,NA,NA
diatoma vulgaris lineare,NA,NA,NA,NA,NA,NA,NA
eunotia arcus arcus,NA,NA,NA,NA,NA,NA,NA
encyonema silesiacum latistriata,NA,NA,NA,NA,NA,NA,NA
eunotia muscicola muscicola,NA,NA,NA,NA,NA,NA,NA
entomoneis paludosa paludosa,NA,NA,NA,NA,NA,NA,NA
eunotia praerupta praerupta,NA,NA,NA,NA,NA,NA,NA
eunotia pectinalis undulata,NA,NA,NA,NA,NA,NA,NA
encyonema silesiacum ventriformis,NA,NA,NA,NA,NA,NA,NA
epithemia turgida turgida,NA,NA,NA,NA,NA,NA,NA
fragilaria capucina capucina,NA,NA,NA,NA,NA,NA,NA
fallacia difficillimoides,NA,NA,NA,NA,NA,NA,NA
fragilaria pinnata pinnata,NA,NA,NA,NA,NA,NA,NA
fallacia pygmaea pygmaea,NA,NA,NA,NA,NA,NA,NA
frustulia rhomboides amphipleuroides,NA,NA,NA,NA,NA,NA,NA
fragilaria zeilleri elliptica,NA,NA,NA,NA,NA,NA,NA
gomphonema bohemicum bohemicum,NA,NA,NA,NA,NA,NA,NA
gomphoneis eriense variabilis,NA,NA,NA,NA,NA,NA,NA
gomphonema micropus micropus,NA,NA,NA,NA,NA,NA,NA
gomphonema minutum minutum,NA,NA,NA,NA,NA,NA,NA
gomphonema olivaceum olivaceum,NA,NA,NA,NA,NA,NA,NA
gomphonema olivaceum minutissima,NA,NA,NA,NA,NA,NA,NA
licmophora gracilis gracilis,NA,NA,NA,NA,NA,NA,NA
luticola af f mutica,NA,NA,NA,NA,NA,NA,NA
mayamaea alcimonica,NA,NA,NA,NA,NA,NA,NA
meridion circulare constrictum,NA,NA,NA,NA,NA,NA,NA
meridion circulare circulare,NA,NA,NA,NA,NA,NA,NA
mayamaea fossalis obsidialis,NA,NA,NA,NA,NA,NA,NA
nitzschia amphibia amphibia,NA,NA,NA,NA,NA,NA,NA
nitzschia dissipata dissipata,NA,NA,NA,NA,NA,NA,NA
nitzschia filiformis conferta,NA,NA,NA,NA,NA,NA,NA
nitzschia filiformis filiformis,NA,NA,NA,NA,NA,NA,NA
nitzschia fonticola pelagica,NA,NA,NA,NA,NA,NA,NA
nitzschia linearis linearis,NA,NA,NA,NA,NA,NA,NA
nitzschia linearis subtilis,NA,NA,NA,NA,NA,NA,NA
navicula minuscula muralis,NA,NA,NA,NA,NA,NA,NA
nitzschia palea debilis,NA,NA,NA,NA,NA,NA,NA
nitzschia palea tenuirostris,NA,NA,NA,NA,NA,NA,NA
navicula reichardtiana reichardtiana,NA,NA,NA,NA,NA,NA,NA
navicula salinarum var. salinarum,NA,NA,NA,NA,NA,NA,NA
navicula salinarum var. rostrata,NA,NA,NA,NA,NA,NA,NA
navicula schroeteri schroeteri,NA,NA,NA,NA,NA,NA,NA
nitzschia sinuata sinuata,NA,NA,NA,NA,NA,NA,NA
nitzschia sinuata tabellaria,NA,NA,NA,NA,NA,NA,NA
navicula trivialis trivialis,NA,NA,NA,NA,NA,NA,NA
nupela lapidosa lapidosa,NA,NA,NA,NA,NA,NA,NA
navicula vandamii var. vandamii,NA,NA,NA,NA,NA,NA,NA
navicula vandamii var. mertensiae,NA,NA,NA,NA,NA,NA,NA
naviculadicta seminulum,NA,NA,NA,NA,NA,NA,NA
navicula viridula var. germainii,NA,NA,NA,NA,NA,NA,NA
pinnularia borealis borealis,NA,NA,NA,NA,NA,NA,NA
pinnularia brebissonii brebissonii,NA,NA,NA,NA,NA,NA,NA
pinnularia dubitabilis dubitabilis,NA,NA,NA,NA,NA,NA,NA
pinnularia globiceps globiceps,NA,NA,NA,NA,NA,NA,NA
planothidium peragalli parvulum,NA,NA,NA,NA,NA,NA,NA
pinnularia lundii lundii,NA,NA,NA,NA,NA,NA,NA
placoneis placentula rostrata,NA,NA,NA,NA,NA,NA,NA
pseudostaurosira parasitica subconstricta,NA,NA,NA,NA,NA,NA,NA
pinnularia subcapitata subcapitata,NA,NA,NA,NA,NA,NA,NA
pinnularia subrupestris cruciata,NA,NA,NA,NA,NA,NA,NA
pinnularia subcapitata elongata,NA,NA,NA,NA,NA,NA,NA
pinnularia subgibba subgibba,NA,NA,NA,NA,NA,NA,NA
pinnularia sudetica sudetica,NA,NA,NA,NA,NA,NA,NA
pinnularia viridiformis viridiformis,NA,NA,NA,NA,NA,NA,NA
surirella brebissonii kuetzingii,NA,NA,NA,NA,NA,NA,NA
surirella brebissonii brebissonii,NA,NA,NA,NA,NA,NA,NA
staurosira construens binodis,NA,NA,NA,NA,NA,NA,NA
staurosira construens subsalina,NA,NA,NA,NA,NA,NA,NA
staurosira construens venter,NA,NA,NA,NA,NA,NA,NA
surirella linearis constricta,NA,NA,NA,NA,NA,NA,NA
stauroneis legumen integra,NA,NA,NA,NA,NA,NA,NA
staurosirella pinnata intercedens,NA,NA,NA,NA,NA,NA,NA
stauroneis siberica siberica,NA,NA,NA,NA,NA,NA,NA
thalassiosira hyperborea pelagica,NA,NA,NA,NA,NA,NA,NA
pennate,NA,NA,NA,NA,NA,NA,NA
bdelodea,NA,NA,NA,NA,NA,NA,NA
microcyclops anceps anceps,NA,NA,NA,NA,NA,NA,NA
polyarthra aff. vulgaris,NA,NA,NA,NA,NA,NA,NA
cyclopoida nauplii,NA,NA,NA,NA,NA,NA,NA
euglenofita,NA,NA,NA,NA,NA,NA,NA
aulacoseira granulata valida,NA,NA,NA,NA,NA,NA,NA
mesocyclops aequatorialis similis,NA,NA,NA,NA,NA,NA,NA
megacyclops viridis viridis,NA,NA,NA,NA,NA,NA,NA
thermodiaptomus galebi lacustris,NA,NA,NA,NA,NA,NA,NA
tropodiaptomus processifer friedae,NA,NA,NA,NA,NA,NA,NA
trichodina diaptomi,NA,NA,NA,NA,NA,NA,NA
planctonema lacustris,NA,NA,NA,NA,NA,NA,NA
chlamydocapsa cingulata,NA,NA,NA,NA,NA,NA,NA
keratella cochlearis var. hispida,NA,NA,NA,NA,NA,NA,NA
schroederia ecsediensis,NA,NA,NA,NA,NA,NA,NA
caloneis ventricosa minuta,NA,NA,NA,NA,NA,NA,NA
stephanodiscus astraea minutula,NA,NA,NA,NA,NA,NA,NA
navicula contenta biceps,NA,NA,NA,NA,NA,NA,NA
diatoma hiemale mesodon,NA,NA,NA,NA,NA,NA,NA
dolichospermum variabilis,NA,NA,NA,NA,NA,NA,NA
melosira granulata angustissima,NA,NA,NA,NA,NA,NA,NA
heterolepadella ehrenbergi,NA,NA,NA,NA,NA,NA,NA
comasiella arcuata platydisca,NA,NA,NA,NA,NA,NA,NA
lecane lunaris ehrenberg,NA,NA,NA,NA,NA,NA,NA
lecane quadridentata ehrenberg,NA,NA,NA,NA,NA,NA,NA
bosmina stingelini,NA,NA,NA,NA,NA,NA,NA
aphanothece clathrata brevis,NA,NA,NA,NA,NA,NA,NA
bicosoeca lauterbornii,NA,NA,NA,NA,NA,NA,NA
bicosoeca mitra suecica,NA,NA,NA,NA,NA,NA,NA
bicosoeca planctonica multiannulata,NA,NA,NA,NA,NA,NA,NA
centritractus pseudobrunneus,NA,NA,NA,NA,NA,NA,NA
centritractus rotundatus,NA,NA,NA,NA,NA,NA,NA
chaetopeltis orbicularis megalocystis,NA,NA,NA,NA,NA,NA,NA
characiopsis crassirostrum,NA,NA,NA,NA,NA,NA,NA
characiopsis obliqua,NA,NA,NA,NA,NA,NA,NA
characiopsis spina,NA,NA,NA,NA,NA,NA,NA
characium sikangense,NA,NA,NA,NA,NA,NA,NA
chroostipes linearis,NA,NA,NA,NA,NA,NA,NA
chrysococcus rufescens tripora,NA,NA,NA,NA,NA,NA,NA
chrysolykos angulatus f. bicornis,NA,NA,NA,NA,NA,NA,NA
chrysosphaerella setifera,NA,NA,NA,NA,NA,NA,NA
chrysoxys rhizopodica,NA,NA,NA,NA,NA,NA,NA
closterium calosporum brasiliense,NA,NA,NA,NA,NA,NA,NA
closterium closterioides intermedium,NA,NA,NA,NA,NA,NA,NA
closterium dianae arcuatum,NA,NA,NA,NA,NA,NA,NA
closterium dianae minus,NA,NA,NA,NA,NA,NA,NA
closterium leibleinii boergesenii,NA,NA,NA,NA,NA,NA,NA
closterium limneticum fallax,NA,NA,NA,NA,NA,NA,NA
closterium limneticum tenue,NA,NA,NA,NA,NA,NA,NA
closterium littorale crassum,NA,NA,NA,NA,NA,NA,NA
closterium nordstedtii polystichum,NA,NA,NA,NA,NA,NA,NA
closterium ralfsii hybridum,NA,NA,NA,NA,NA,NA,NA
closterium strigosum elegans,NA,NA,NA,NA,NA,NA,NA
closterium tumidum nylandicum,NA,NA,NA,NA,NA,NA,NA
coccomyxa lunaris,NA,NA,NA,NA,NA,NA,NA
coelastrum cambricum intermedium,NA,NA,NA,NA,NA,NA,NA
coelastrum microporum octaedricum,NA,NA,NA,NA,NA,NA,NA
coelastrum microporum punctatum,NA,NA,NA,NA,NA,NA,NA
colacium vesiculosum arbuscula,NA,NA,NA,NA,NA,NA,NA
cosmarium abbreviatum germanicum,NA,NA,NA,NA,NA,NA,NA
cosmarium abbreviatum minus,NA,NA,NA,NA,NA,NA,NA
cosmarium abbreviatum planctonicum,NA,NA,NA,NA,NA,NA,NA
cosmarium biretum var. trigibberum,NA,NA,NA,NA,NA,NA,NA
cosmarium botrytis subtumidum,NA,NA,NA,NA,NA,NA,NA
cosmarium contractum ellipsoideum,NA,NA,NA,NA,NA,NA,NA
cosmarium contractum minutum,NA,NA,NA,NA,NA,NA,NA
cosmarium cucumis helveticum,NA,NA,NA,NA,NA,NA,NA
cosmarium holmiense var. integrum,NA,NA,NA,NA,NA,NA,NA
cosmarium laeve pseudooctangulare,NA,NA,NA,NA,NA,NA,NA
cosmarium ornatulum depressum,NA,NA,NA,NA,NA,NA,NA
cosmarium pachydermum aethiopicum,NA,NA,NA,NA,NA,NA,NA
cosmarium phaseolus minor,NA,NA,NA,NA,NA,NA,NA
cosmarium polygonum acutius,NA,NA,NA,NA,NA,NA,NA
cosmarium punctulatum var. subpunctulatum,NA,NA,NA,NA,NA,NA,NA
cosmarium pygmaeum apertum,NA,NA,NA,NA,NA,NA,NA
cosmarium pygmaeum perornatum,NA,NA,NA,NA,NA,NA,NA
cosmarium regnesi montanum,NA,NA,NA,NA,NA,NA,NA
cosmarium regnesii polonicum,NA,NA,NA,NA,NA,NA,NA
cosmarium reniforme elevatum,NA,NA,NA,NA,NA,NA,NA
cosmarium sphagnicola pachygonum,NA,NA,NA,NA,NA,NA,NA
cosmarium subspeciosum transiens,NA,NA,NA,NA,NA,NA,NA
cosmarium subtumidum klebsii,NA,NA,NA,NA,NA,NA,NA
cosmarium tinctum tumidum,NA,NA,NA,NA,NA,NA,NA
cosmarium venustum excavatum,NA,NA,NA,NA,NA,NA,NA
crucigenia quadrata secta,NA,NA,NA,NA,NA,NA,NA
desmarella sphaeroidea,NA,NA,NA,NA,NA,NA,NA
desmodesmus armatus bicaudatus,NA,NA,NA,NA,NA,NA,NA
desmodesmus armatus spinosus,NA,NA,NA,NA,NA,NA,NA
desmodesmus denticulatus linearis,NA,NA,NA,NA,NA,NA,NA
desmodesmus opoliensis carinatus,NA,NA,NA,NA,NA,NA,NA
dichotomococcus bacillaris,NA,NA,NA,NA,NA,NA,NA
epipyxis lauterbornii mucicola,NA,NA,NA,NA,NA,NA,NA
epipyxis utriculus acuta,NA,NA,NA,NA,NA,NA,NA
euastrum humerosum affine,NA,NA,NA,NA,NA,NA,NA
euglena deses klebsii,NA,NA,NA,NA,NA,NA,NA
euglena oxyuris maior,NA,NA,NA,NA,NA,NA,NA
euglena oxyuris skvortzovii,NA,NA,NA,NA,NA,NA,NA
euglena oxyuris minor,NA,NA,NA,NA,NA,NA,NA
granulocystis ruzickae,NA,NA,NA,NA,NA,NA,NA
gymnodinium inversum elongatum,NA,NA,NA,NA,NA,NA,NA
kephyrion crassum,NA,NA,NA,NA,NA,NA,NA
lagerheimia longiseta major,NA,NA,NA,NA,NA,NA,NA
lepidochromonas butcheri,NA,NA,NA,NA,NA,NA,NA
lepidochromonas subquadrangularis,NA,NA,NA,NA,NA,NA,NA
lepidochromonas subrotacea,NA,NA,NA,NA,NA,NA,NA
lepidochromonas takahashii,NA,NA,NA,NA,NA,NA,NA
lepocinclis ovum buetschlii,NA,NA,NA,NA,NA,NA,NA
leptolyngbya purpurascens,NA,NA,NA,NA,NA,NA,NA
mallomonas bacterium,NA,NA,NA,NA,NA,NA,NA
mallomonas tonsurata alpina,NA,NA,NA,NA,NA,NA,NA
mallomonas valkanoviana,NA,NA,NA,NA,NA,NA,NA
microglena subglobosa,NA,NA,NA,NA,NA,NA,NA
nephroselmis pelagica,NA,NA,NA,NA,NA,NA,NA
netrium digitus naegelii,NA,NA,NA,NA,NA,NA,NA
ochromonas coronifera,NA,NA,NA,NA,NA,NA,NA
ochromonas sphaerella,NA,NA,NA,NA,NA,NA,NA
oocystis submarina variabilis,NA,NA,NA,NA,NA,NA,NA
pediastrum simplex radians,NA,NA,NA,NA,NA,NA,NA
pediastrum tetras apiculatum,NA,NA,NA,NA,NA,NA,NA
phacus caudatus minor,NA,NA,NA,NA,NA,NA,NA
phacus monilatus suecicus,NA,NA,NA,NA,NA,NA,NA
phacus orbicularis minor,NA,NA,NA,NA,NA,NA,NA
phacus pyrum pseudonordstedtii,NA,NA,NA,NA,NA,NA,NA
polygoniochloris tetragona,NA,NA,NA,NA,NA,NA,NA
prismatella parvulus,NA,NA,NA,NA,NA,NA,NA
pseudococcomyxa chodatii,NA,NA,NA,NA,NA,NA,NA
pseudokephyrion hyalinum,NA,NA,NA,NA,NA,NA,NA
pseudokephyrion urnula,NA,NA,NA,NA,NA,NA,NA
pseudopedinella ambigua,NA,NA,NA,NA,NA,NA,NA
rayssiella marvanii,NA,NA,NA,NA,NA,NA,NA
rhodomonas lacustris nannoplanctica,NA,NA,NA,NA,NA,NA,NA
scenedesmus arcuatus platydisca,NA,NA,NA,NA,NA,NA,NA
scenedesmus armatus bicaudatus,NA,NA,NA,NA,NA,NA,NA
scenedesmus armatus platydiscus,NA,NA,NA,NA,NA,NA,NA
scenedesmus denticulatus linearis,NA,NA,NA,NA,NA,NA,NA
scenedesmus intermedius var. acutispinus,NA,NA,NA,NA,NA,NA,NA
scenedesmus intermedius balatonicus,NA,NA,NA,NA,NA,NA,NA
scenedesmus pseudogranulatus,NA,NA,NA,NA,NA,NA,NA
scenedesmus pseudohelveticus,NA,NA,NA,NA,NA,NA,NA
scenedesmus pseudohystrix,NA,NA,NA,NA,NA,NA,NA
stokesiella longipes,NA,NA,NA,NA,NA,NA,NA
stokesiella minutissima,NA,NA,NA,NA,NA,NA,NA
strombomonas verrucosa zmiewika,NA,NA,NA,NA,NA,NA,NA
tetrablepharis obovalis,NA,NA,NA,NA,NA,NA,NA
tetraspora lubrica lacunosa,NA,NA,NA,NA,NA,NA,NA
thorakochloris pringsheimii,NA,NA,NA,NA,NA,NA,NA
trachelomonas armata longa,NA,NA,NA,NA,NA,NA,NA
trachelomonas armata steinii,NA,NA,NA,NA,NA,NA,NA
trachelomonas hispida acuminata,NA,NA,NA,NA,NA,NA,NA
trachelomonas hispida caudata,NA,NA,NA,NA,NA,NA,NA
trachelomonas hispida coronata,NA,NA,NA,NA,NA,NA,NA
trachelomonas hispida crenulatocollis,NA,NA,NA,NA,NA,NA,NA
trachelomonas lacustris ovalis,NA,NA,NA,NA,NA,NA,NA
trachelomonas planctonica oblonga,NA,NA,NA,NA,NA,NA,NA
trachelomonas scabra labiata,NA,NA,NA,NA,NA,NA,NA
trachelomonas volzii intermedia,NA,NA,NA,NA,NA,NA,NA
tetrastrumelegans playfair,NA,NA,NA,NA,NA,NA,NA
pyxicola psammata,NA,NA,NA,NA,NA,NA,NA
unapertura latens,NA,NA,NA,NA,NA,NA,NA
closterium cornu upsaliense,NA,NA,NA,NA,NA,NA,NA
cosmarium blyttii novae-sylvae,NA,NA,NA,NA,NA,NA,NA
cosmarium botrytis tumidum,NA,NA,NA,NA,NA,NA,NA
cosmarium conspersum var. latum,NA,NA,NA,NA,NA,NA,NA
cosmarium laeve octangulare,NA,NA,NA,NA,NA,NA,NA
cosmarium monomazum polymazum,NA,NA,NA,NA,NA,NA,NA
cosmarium pseudonitidulum var. validum,NA,NA,NA,NA,NA,NA,NA
cosmarium quadratulum var. boldtii,NA,NA,NA,NA,NA,NA,NA
cosmarium subtumidum var. groenbladii,NA,NA,NA,NA,NA,NA,NA
euastrum ansatum ansatum,NA,NA,NA,NA,NA,NA,NA
euastrum ansatum rhomboidale,NA,NA,NA,NA,NA,NA,NA
euastrum binale gutwinskii,NA,NA,NA,NA,NA,NA,NA
euastrum crassum microcephalum,NA,NA,NA,NA,NA,NA,NA
haplotaenium trabecula,NA,NA,NA,NA,NA,NA,NA
hyalotheca dissiliens minor,NA,NA,NA,NA,NA,NA,NA
staurastrum boreale quadriradiatum,NA,NA,NA,NA,NA,NA,NA
staurastrum micron spinulosum,NA,NA,NA,NA,NA,NA,NA
staurastrum orbiculare orbiculare,NA,NA,NA,NA,NA,NA,NA
staurastrum polymorphum pygmaeum,NA,NA,NA,NA,NA,NA,NA
staurastrum proboscideum productum,NA,NA,NA,NA,NA,NA,NA
staurastrum spongiosum perbifidum,NA,NA,NA,NA,NA,NA,NA
staurodesmus dejectus brevispinus,NA,NA,NA,NA,NA,NA,NA
xanthidium antilopaeum leve,NA,NA,NA,NA,NA,NA,NA
ankistrodesmus falcatus spirilliformis,NA,NA,NA,NA,NA,NA,NA
daphnia coregoni,NA,NA,NA,NA,NA,NA,NA
collotheca ornata var. cornuta,NA,NA,NA,NA,NA,NA,NA
pseudencentrum diglandula,NA,NA,NA,NA,NA,NA,NA
pseudencentrum sutor,NA,NA,NA,NA,NA,NA,NA
ptygura melicerta ctenoida,NA,NA,NA,NA,NA,NA,NA
brachionus tubicen,NA,NA,NA,NA,NA,NA,NA
achnanthes flexella alpestris,NA,NA,NA,NA,NA,NA,NA
coccoid,NA,NA,NA,NA,NA,NA,NA
cyclotella operculata unipunctata,NA,NA,NA,NA,NA,NA,NA
dinobryon bavaricum vanhoeffenii,NA,NA,NA,NA,NA,NA,NA
navicula radiosa var. tenella,NA,NA,NA,NA,NA,NA,NA
oocystis gigas var. incrassata,NA,NA,NA,NA,NA,NA,NA
stephanodiscus hantzschii hantzschii,NA,NA,NA,NA,NA,NA,NA
synedra delicatissima angustissima,NA,NA,NA,NA,NA,NA,NA
synedra filiformis exilis,NA,NA,NA,NA,NA,NA,NA
synedra ulna biceps,NA,NA,NA,NA,NA,NA,NA
synedra ulna chaseana,NA,NA,NA,NA,NA,NA,NA
tabellaria flocculosa geniculata,NA,NA,NA,NA,NA,NA,NA
achnanthes clevei rostrata,NA,NA,NA,NA,NA,NA,NA
achnanthes lanceolata var. rostrata,NA,NA,NA,NA,NA,NA,NA
achnanthes lapponica ninckei,NA,NA,NA,NA,NA,NA,NA
actinocyclus normanii subsalsa,NA,NA,NA,NA,NA,NA,NA
fragilaria leptostauron dubia,NA,NA,NA,NA,NA,NA,NA
fragilaria pinnata lancettula,NA,NA,NA,NA,NA,NA,NA
fragilaria vaucheriae capitellata,NA,NA,NA,NA,NA,NA,NA
navicula menisculus var. upsaliensis,NA,NA,NA,NA,NA,NA,NA
navicula rhynchocephala var. amphiceros,NA,NA,NA,NA,NA,NA,NA
navicula salinarum var. intermedia,NA,NA,NA,NA,NA,NA,NA
stephanodiscus carconensis pusilla,NA,NA,NA,NA,NA,NA,NA
synedra parasitica subconstricta,NA,NA,NA,NA,NA,NA,NA
diaphanosoma edmondsoni,NA,NA,NA,NA,NA,NA,NA
diaphanosoma kizakiensis,NA,NA,NA,NA,NA,NA,NA
moina hemanti,NA,NA,NA,NA,NA,NA,NA
arthrospira platensis non-constricta,NA,NA,NA,NA,NA,NA,NA
euglena gracilis urophora,NA,NA,NA,NA,NA,NA,NA
lepocinclis fusiformis amphirhynchus,NA,NA,NA,NA,NA,NA,NA
lepocinclis ovum angustatum,NA,NA,NA,NA,NA,NA,NA
lepocinclis ovum dimidio-minor,NA,NA,NA,NA,NA,NA,NA
lepocinclis teres parvula,NA,NA,NA,NA,NA,NA,NA
menoidium semilunare var. regulare,NA,NA,NA,NA,NA,NA,NA
phacus agilis var. inversus,NA,NA,NA,NA,NA,NA,NA
strombomonas acuminata amphora,NA,NA,NA,NA,NA,NA,NA
strombomonas acuminata deflandreana,NA,NA,NA,NA,NA,NA,NA
strombomonas praeliaris nana,NA,NA,NA,NA,NA,NA,NA
strombomonas subcurvata var. africana,NA,NA,NA,NA,NA,NA,NA
trachelomonas abrupta angustata,NA,NA,NA,NA,NA,NA,NA
trachelomonas curta minima,NA,NA,NA,NA,NA,NA,NA
trachelomonas dangeardii glabra,NA,NA,NA,NA,NA,NA,NA
trachelomonas granulosa subglobosa,NA,NA,NA,NA,NA,NA,NA
trachelomonas hexangulata var. hexagona,NA,NA,NA,NA,NA,NA,NA
trachelomonas kellogii nana,NA,NA,NA,NA,NA,NA,NA
trachelomonas lismorensis inermis,NA,NA,NA,NA,NA,NA,NA
trachelomonas obovata klebsiana,NA,NA,NA,NA,NA,NA,NA
trachelomonas sydneyensis minima,NA,NA,NA,NA,NA,NA,NA
trachelomonas sydneyensis obesa,NA,NA,NA,NA,NA,NA,NA
trachelomonas varians globosa,NA,NA,NA,NA,NA,NA,NA
trachelomonas verrucosa irregularis,NA,NA,NA,NA,NA,NA,NA
trachelomonas verrucosa f. sparseornata,NA,NA,NA,NA,NA,NA,NA
trachelomonas volvocina derephora,NA,NA,NA,NA,NA,NA,NA
gloeomonas tecta,NA,NA,NA,NA,NA,NA,NA
microspora amoena gracilis,NA,NA,NA,NA,NA,NA,NA
pediastrum simplex clathratum,NA,NA,NA,NA,NA,NA,NA
pseudopediastrum subgranulatum,NA,NA,NA,NA,NA,NA,NA
scenedesmus formidolosus,NA,NA,NA,NA,NA,NA,NA
scenedesmus opoliensis bicaudatus,NA,NA,NA,NA,NA,NA,NA
scenedesmus protuberans f. danubianus,NA,NA,NA,NA,NA,NA,NA
scenedesmus protuberans var. minor,NA,NA,NA,NA,NA,NA,NA
scenedesmus pseudoquadricauda,NA,NA,NA,NA,NA,NA,NA
scenedesmus similagineus,NA,NA,NA,NA,NA,NA,NA
actinastrum hantzschii subtile,NA,NA,NA,NA,NA,NA,NA
aulacoseira granulata curvata,NA,NA,NA,NA,NA,NA,NA
chromulina ettlii,NA,NA,NA,NA,NA,NA,NA
chromulina obconica,NA,NA,NA,NA,NA,NA,NA
ekrenia subguiciliata,NA,NA,NA,NA,NA,NA,NA
chroococus cf pescottii,NA,NA,NA,NA,NA,NA,NA
cryptochrysis pochmanni,NA,NA,NA,NA,NA,NA,NA
dolichospermum fertilissima,NA,NA,NA,NA,NA,NA,NA
euglena oxyuris oxyuris,NA,NA,NA,NA,NA,NA,NA
kirchneriella contorta varelongata,NA,NA,NA,NA,NA,NA,NA
koliella longiseta tenuis,NA,NA,NA,NA,NA,NA,NA
lagherimia subsalsa lemm,NA,NA,NA,NA,NA,NA,NA
melosira moniliformis octogona,NA,NA,NA,NA,NA,NA,NA
monodus aff clavata,NA,NA,NA,NA,NA,NA,NA
scenedesmus acuminatus acuminatus,NA,NA,NA,NA,NA,NA,NA
scenedesmus acuminatus minor,NA,NA,NA,NA,NA,NA,NA
scenedesmus acuminatus tetradesmoides,NA,NA,NA,NA,NA,NA,NA
scenedesmus intermedius chod,NA,NA,NA,NA,NA,NA,NA
staurastrum excavatum excavatum,NA,NA,NA,NA,NA,NA,NA
staurastrum leptocladum leptocladum,NA,NA,NA,NA,NA,NA,NA
staurastrum leptocladum smithii,NA,NA,NA,NA,NA,NA,NA
staurastrum quadricauda,NA,NA,NA,NA,NA,NA,NA
staurastrum sebaldi ornatum,NA,NA,NA,NA,NA,NA,NA
staurastrum tetracerum tortum,NA,NA,NA,NA,NA,NA,NA
staurodesmus incus primigenius,NA,NA,NA,NA,NA,NA,NA
tetrastrum peterfii,NA,NA,NA,NA,NA,NA,NA
trachelomonas rugulosa stein,NA,NA,NA,NA,NA,NA,NA
urosolenia eriensis morsa,NA,NA,NA,NA,NA,NA,NA
